﻿<selector xmlns:android="http://schemas.android.com/apk/res/android">
  <item>
    <layer-list>
      <item android:right="3dp" android:top="2dp" android:bottom="2dp" android:left="3dp">
        <shape>
          <corners android:radius="12dp"></corners>
          <solid android:color="#E6755E"></solid>
          <padding android:left="2dp" android:right="2dp" android:top="2dp" android:bottom="2dp"></padding>
        </shape>
      </item>
    </layer-list>
  </item>
</selector>
