<?xml version="1.0" encoding="utf-8" ?>
<resources>
  <color name="colorPrimary">#3797CF</color>
  <color name="colorPrimaryDark">#3797CF</color>
  <color name="colorAccent">#64FFDA</color>
  <color name="circularColor">#9F489B</color>
  <color name="toolbar">#009688</color>

  <color name="address">#2F7092</color>
  <color name="followers">#0D5D98</color>
  <color name="headings">#3797CF</color>
  <color name="solidCircle">#AAFFFFFF</color>
  <color name="circleBorder">#50FFFFFF</color>
  <color name="gradEnd">#67EFC8</color>
  <color name="gradStart">#63C9FF</color>
  <color name="followersBg">#65DCE5</color>
  <color name="followingBg">#49BEFF</color>
  <color name="grey">#E5E5E5</color>
  
  <color name="btncancelPayment">#ef9296</color>
  <color name="btnmakePayment">#7deda6</color>

  <color name="ListViewSelected">#96BCE3</color>
  <color name="ListViewHighlighted">#E39696</color>
  <color name="white">#FFFFFF</color>
</resources>
