<resources>
    <string name="app_name">HelpingHand</string>
    <string name="action_settings">Settings</string>
    <string-array name="dropdown_kidCount">
      <item>1</item>
      <item>2</item>
      <item>3</item>
      <item>4</item>
      <item>5</item>
      <item>6</item>
      <item>7</item>
      <item>8</item>
      <item>9</item>
    </string-array>

  <string-array name="dropdown_Day">
    <item>Monday</item>
    <item>Tuesday</item>
    <item>Wednesday</item>
    <item>Thursday</item>
    <item>Friday</item>
    <item>Saturday</item>
    <item>Sunday</item>
  </string-array>

  <string-array name="dropdown_Time">
    <item>Morning</item>
    <item>Afternoon</item>
    <item>Evening</item>
    <item>Night</item>
  </string-array>

</resources>
