<?xml version="1.0" encoding="utf-8" ?>
<resources>
  <style name="AppTheme" parent="Theme.AppCompat.Light.NoActionBar">
    <item name="colorPrimary">@color/colorPrimary</item>
    <item name="colorPrimaryDark">@color/colorPrimaryDark</item>
    <item name="colorAccent">@color/colorAccent</item>
    <item name="android:colorPressedHighlight">@color/colorPrimary</item>
    <item name="android:colorLongPressedHighlight">@color/colorPrimary</item>
    <item name="android:colorFocusedHighlight">@color/ListViewSelected</item>
    <item name="android:colorActivatedHighlight">@color/ListViewSelected</item>
    <item name="android:activatedBackgroundIndicator">@color/ListViewSelected</item>
  </style>
  <style name="CircularProgress" parent="Theme.AppCompat.Light">
    <item name="colorAccent">@color/circularColor</item>
  </style>
      <!--Login & Registration-->  
    <style name="MyTheme.Login" parent="Theme.AppCompat.Light">  
        <item name="android:windowNoTitle">true</item><item name="android:windowFullscreen">true</item>  
    </style> 
    <!--White Textbox-->  
    <style name="EditTextWhite" parent="MyTheme.Login">  
        <item name="colorPrimary">@color/colorPrimary</item>
        <item name="colorPrimaryDark">@color/colorPrimaryDark</item>
        <item name="colorAccent">@color/colorAccent</item>
    </style>
  
  <style name="Spinner" parent="Widget.AppCompat.Light.DropDownItem.Spinner">
        <item name="android:textColor">@color/toolbar</item>
        <item name="android:textSize">14sp</item>
    </style>
 
  <!--ListView-->
  <style name="MyListViewTheme" parent="android:style/Theme.Material.Light.DarkActionBar">
    <item name="android:colorPressedHighlight">@color/ListViewSelected</item>
    <item name="android:colorLongPressedHighlight">@color/ListViewHighlighted</item>
    <item name="android:colorFocusedHighlight">@color/ListViewSelected</item>
    <item name="android:colorActivatedHighlight">@color/ListViewSelected</item>
    <item name="android:activatedBackgroundIndicator">@color/ListViewSelected</item>
  </style>
</resources>